monster_id,monster_name,action_index,name,description,attack_present,attack_is_null,attack_kind,attack_bonus,automatic_hit,range_ft,long_range_ft,targets,damage_components_json,full_action_json
1,Aarakocra,1,Javelin,piercing damage.,true,false,ranged_weapon,4,false,30,120,1,"[{""bonus"": 2, ""damage_types"": [""piercing""], ""formula"": ""1d6""}]","{""attack"": {""attack_bonus"": 4, ""automatic_hit"": false, ""damage"": [{""bonus"": 2, ""damage_types"": [""piercing""], ""formula"": ""1d6""}], ""kind"": ""ranged_weapon"", ""long_range_ft"": 120, ""range_ft"": 30, ""targets"": 1}, ""description"": ""piercing damage."", ""name"": ""Javelin""}"
2,Aarakocra Simulacrum,1,Javelin,piercing damage.,true,false,ranged_weapon,4,false,30,120,1,"[{""bonus"": 2, ""damage_types"": [""piercing""], ""formula"": ""1d6""}]","{""attack"": {""attack_bonus"": 4, ""automatic_hit"": false, ""damage"": [{""bonus"": 2, ""damage_types"": [""piercing""], ""formula"": ""1d6""}], ""kind"": ""ranged_weapon"", ""long_range_ft"": 120, ""range_ft"": 30, ""targets"": 1}, ""description"": ""piercing damage."", ""name"": ""Javelin""}"
402,Bugbear,1,Javelin,piercing damage in melee or 1d6 + 2 piercing damage at range.,true,false,ranged_weapon,4,false,30,120,1,"[{""bonus"": 2, ""damage_types"": [""piercing""], ""formula"": ""2d6""}]","{""attack"": {""attack_bonus"": 4, ""automatic_hit"": false, ""damage"": [{""bonus"": 2, ""damage_types"": [""piercing""], ""formula"": ""2d6""}], ""kind"": ""ranged_weapon"", ""long_range_ft"": 120, ""range_ft"": 30, ""targets"": 1}, ""description"": ""piercing damage in melee or 1d6 + 2 piercing damage at range."", ""name"": ""Javelin""}"
403,Bugbear Chief,2,Javelin,piercing damage in melee or 1d6 + 3 piercing damage at range.,true,false,ranged_weapon,5,false,30,120,1,"[{""bonus"": 3, ""damage_types"": [""piercing""], ""formula"": ""2d6""}]","{""attack"": {""attack_bonus"": 5, ""automatic_hit"": false, ""damage"": [{""bonus"": 3, ""damage_types"": [""piercing""], ""formula"": ""2d6""}], ""kind"": ""ranged_weapon"", ""long_range_ft"": 120, ""range_ft"": 30, ""targets"": 1}, ""description"": ""piercing damage in melee or 1d6 + 3 piercing damage at range."", ""name"": ""Javelin""}"
562,Crushing Wave Reaver,1,Javelin,piercing damage.,true,false,ranged_weapon,4,false,30,120,1,"[{""bonus"": 2, ""damage_types"": [""piercing""], ""formula"": ""1d6""}]","{""attack"": {""attack_bonus"": 4, ""automatic_hit"": false, ""damage"": [{""bonus"": 2, ""damage_types"": [""piercing""], ""formula"": ""1d6""}], ""kind"": ""ranged_weapon"", ""long_range_ft"": 120, ""range_ft"": 30, ""targets"": 1}, ""description"": ""piercing damage."", ""name"": ""Javelin""}"
699,Dragon Army Soldier,2,Javelin,null,true,false,ranged_weapon,4,false,30,120,1,"[{""bonus"": 2, ""damage_types"": [""piercing""], ""formula"": ""1d6""}, {""bonus"": 0, ""damage_types"": [""fire""], ""formula"": ""1d4""}]","{""attack"": {""attack_bonus"": 4, ""automatic_hit"": false, ""damage"": [{""bonus"": 2, ""damage_types"": [""piercing""], ""formula"": ""1d6""}, {""bonus"": 0, ""damage_types"": [""fire""], ""formula"": ""1d4""}], ""kind"": ""ranged_weapon"", ""long_range_ft"": 120, ""range_ft"": 30, ""targets"": 1}, ""description"": null, ""name"": ""Javelin""}"
724,Dread Warrior,2,Javelin,piercing damage.,true,false,ranged_weapon,4,false,30,120,1,"[{""bonus"": 2, ""damage_types"": [""piercing""], ""formula"": ""1d6""}]","{""attack"": {""attack_bonus"": 4, ""automatic_hit"": false, ""damage"": [{""bonus"": 2, ""damage_types"": [""piercing""], ""formula"": ""1d6""}], ""kind"": ""ranged_weapon"", ""long_range_ft"": 120, ""range_ft"": 30, ""targets"": 1}, ""description"": ""piercing damage."", ""name"": ""Javelin""}"
765,Duergar,2,Javelin,"piercing damage, or 2d6 + 2 piercing damage while enlarged.",true,false,ranged_weapon,4,false,30,120,1,"[{""bonus"": 2, ""damage_types"": [""piercing""], ""formula"": ""1d6""}]","{""attack"": {""attack_bonus"": 4, ""automatic_hit"": false, ""damage"": [{""bonus"": 2, ""damage_types"": [""piercing""], ""formula"": ""1d6""}], ""kind"": ""ranged_weapon"", ""long_range_ft"": 120, ""range_ft"": 30, ""targets"": 1}, ""description"": ""piercing damage, or 2d6 + 2 piercing damage while enlarged."", ""name"": ""Javelin""}"
767,Duergar Darkhaft,2,Javelin,"piercing damage, or 2d6 + 2 piercing damage while enlarged.",true,false,ranged_weapon,4,false,30,120,1,"[{""bonus"": 2, ""damage_types"": [""piercing""], ""formula"": ""1d6""}]","{""attack"": {""attack_bonus"": 4, ""automatic_hit"": false, ""damage"": [{""bonus"": 2, ""damage_types"": [""piercing""], ""formula"": ""1d6""}], ""kind"": ""ranged_weapon"", ""long_range_ft"": 120, ""range_ft"": 30, ""targets"": 1}, ""description"": ""piercing damage, or 2d6 + 2 piercing damage while enlarged."", ""name"": ""Javelin""}"
774,Duergar Keeper of the Flame,2,Javelin,"piercing damage, or 2d6 + 2 piercing damage while enlarged.",true,false,ranged_weapon,4,false,30,120,1,"[{""bonus"": 2, ""damage_types"": [""piercing""], ""formula"": ""1d6""}]","{""attack"": {""attack_bonus"": 4, ""automatic_hit"": false, ""damage"": [{""bonus"": 2, ""damage_types"": [""piercing""], ""formula"": ""1d6""}], ""kind"": ""ranged_weapon"", ""long_range_ft"": 120, ""range_ft"": 30, ""targets"": 1}, ""description"": ""piercing damage, or 2d6 + 2 piercing damage while enlarged."", ""name"": ""Javelin""}"
783,Duergar Stone Guard (MPMM),2,Javelin,"piercing damage, or 2d6 + 4 piercing damage while under the effect of Enlarge.",true,false,ranged_weapon,6,false,30,120,1,"[{""bonus"": 4, ""damage_types"": [""piercing""], ""formula"": ""1d6""}]","{""attack"": {""attack_bonus"": 6, ""automatic_hit"": false, ""damage"": [{""bonus"": 4, ""damage_types"": [""piercing""], ""formula"": ""1d6""}], ""kind"": ""ranged_weapon"", ""long_range_ft"": 120, ""range_ft"": 30, ""targets"": 1}, ""description"": ""piercing damage, or 2d6 + 4 piercing damage while under the effect of Enlarge."", ""name"": ""Javelin""}"
784,Duergar Stone Guard (MTF),1,Javelin,"piercing damage, or 2d6 + 4 piercing damage while enlarged.",true,false,ranged_weapon,6,false,30,120,1,"[{""bonus"": 4, ""damage_types"": [""piercing""], ""formula"": ""1d6""}]","{""attack"": {""attack_bonus"": 6, ""automatic_hit"": false, ""damage"": [{""bonus"": 4, ""damage_types"": [""piercing""], ""formula"": ""1d6""}], ""kind"": ""ranged_weapon"", ""long_range_ft"": 120, ""range_ft"": 30, ""targets"": 1}, ""description"": ""piercing damage, or 2d6 + 4 piercing damage while enlarged."", ""name"": ""Javelin""}"
785,Duergar Warlord (MPMM),2,Javelin,"piercing damage, or 2d6 + 4 piercing damage while under the effect of Enlarge.",true,false,ranged_weapon,7,false,30,120,1,"[{""bonus"": 4, ""damage_types"": [""piercing""], ""formula"": ""1d6""}]","{""attack"": {""attack_bonus"": 7, ""automatic_hit"": false, ""damage"": [{""bonus"": 4, ""damage_types"": [""piercing""], ""formula"": ""1d6""}], ""kind"": ""ranged_weapon"", ""long_range_ft"": 120, ""range_ft"": 30, ""targets"": 1}, ""description"": ""piercing damage, or 2d6 + 4 piercing damage while under the effect of Enlarge."", ""name"": ""Javelin""}"
786,Duergar Warlord (MTF),2,Javelin,"piercing damage, or 2d6 + 4 piercing damage while enlarged.",true,false,ranged_weapon,7,false,30,120,1,"[{""bonus"": 4, ""damage_types"": [""piercing""], ""formula"": ""1d6""}]","{""attack"": {""attack_bonus"": 7, ""automatic_hit"": false, ""damage"": [{""bonus"": 4, ""damage_types"": [""piercing""], ""formula"": ""1d6""}], ""kind"": ""ranged_weapon"", ""long_range_ft"": 120, ""range_ft"": 30, ""targets"": 1}, ""description"": ""piercing damage, or 2d6 + 4 piercing damage while enlarged."", ""name"": ""Javelin""}"
792,Duodrone,2,Javelin,piercing damage.,true,false,ranged_weapon,3,false,30,120,1,"[{""bonus"": 1, ""damage_types"": [""piercing""], ""formula"": ""1d6""}]","{""attack"": {""attack_bonus"": 3, ""automatic_hit"": false, ""damage"": [{""bonus"": 1, ""damage_types"": [""piercing""], ""formula"": ""1d6""}], ""kind"": ""ranged_weapon"", ""long_range_ft"": 120, ""range_ft"": 30, ""targets"": 1}, ""description"": ""piercing damage."", ""name"": ""Javelin""}"
1166,Goblin Boss,2,Javelin,piercing damage.,true,false,ranged_weapon,2,false,30,120,1,"[{""bonus"": 0, ""damage_types"": [""piercing""], ""formula"": ""1d6""}]","{""attack"": {""attack_bonus"": 2, ""automatic_hit"": false, ""damage"": [{""bonus"": 0, ""damage_types"": [""piercing""], ""formula"": ""1d6""}], ""kind"": ""ranged_weapon"", ""long_range_ft"": 120, ""range_ft"": 30, ""targets"": 1}, ""description"": ""piercing damage."", ""name"": ""Javelin""}"
1178,Goliath Warrior,2,Javelin,piercing damage.,true,false,ranged_weapon,6,false,30,120,1,"[{""bonus"": 4, ""damage_types"": [""piercing""], ""formula"": ""1d6""}]","{""attack"": {""attack_bonus"": 6, ""automatic_hit"": false, ""damage"": [{""bonus"": 4, ""damage_types"": [""piercing""], ""formula"": ""1d6""}], ""kind"": ""ranged_weapon"", ""long_range_ft"": 120, ""range_ft"": 30, ""targets"": 1}, ""description"": ""piercing damage."", ""name"": ""Javelin""}"
1253,Half-Ogre (Ogrillon),1,Javelin,piercing damage.,true,false,ranged_weapon,5,false,30,120,1,"[{""bonus"": 3, ""damage_types"": [""piercing""], ""formula"": ""2d6""}]","{""attack"": {""attack_bonus"": 5, ""automatic_hit"": false, ""damage"": [{""bonus"": 3, ""damage_types"": [""piercing""], ""formula"": ""2d6""}], ""kind"": ""ranged_weapon"", ""long_range_ft"": 120, ""range_ft"": 30, ""targets"": 1}, ""description"": ""piercing damage."", ""name"": ""Javelin""}"
1309,Hobgoblin Captain,2,Javelin,piercing damage.,true,false,ranged_weapon,4,false,30,120,1,"[{""bonus"": 2, ""damage_types"": [""piercing""], ""formula"": ""1d6""}]","{""attack"": {""attack_bonus"": 4, ""automatic_hit"": false, ""damage"": [{""bonus"": 2, ""damage_types"": [""piercing""], ""formula"": ""1d6""}], ""kind"": ""ranged_weapon"", ""long_range_ft"": 120, ""range_ft"": 30, ""targets"": 1}, ""description"": ""piercing damage."", ""name"": ""Javelin""}"
1314,Hobgoblin Warlord,3,Javelin,piercing damage.,true,false,ranged_weapon,9,false,30,120,1,"[{""bonus"": 3, ""damage_types"": [""piercing""], ""formula"": ""1d6""}]","{""attack"": {""attack_bonus"": 9, ""automatic_hit"": false, ""damage"": [{""bonus"": 3, ""damage_types"": [""piercing""], ""formula"": ""1d6""}], ""kind"": ""ranged_weapon"", ""long_range_ft"": 120, ""range_ft"": 30, ""targets"": 1}, ""description"": ""piercing damage."", ""name"": ""Javelin""}"
1352,Hybrid Flier,1,Javelin,piercing damage.,true,false,ranged_weapon,5,false,30,120,1,"[{""bonus"": 3, ""damage_types"": [""piercing""], ""formula"": ""1d6""}]","{""attack"": {""attack_bonus"": 5, ""automatic_hit"": false, ""damage"": [{""bonus"": 3, ""damage_types"": [""piercing""], ""formula"": ""1d6""}], ""kind"": ""ranged_weapon"", ""long_range_ft"": 120, ""range_ft"": 30, ""targets"": 1}, ""description"": ""piercing damage."", ""name"": ""Javelin""}"
1371,Icewind Kobold,1,Javelin,piercing damage.,true,false,ranged_weapon,0,false,30,120,1,"[{""bonus"": -2, ""damage_types"": [""piercing""], ""formula"": ""1d6""}]","{""attack"": {""attack_bonus"": 0, ""automatic_hit"": false, ""damage"": [{""bonus"": -2, ""damage_types"": [""piercing""], ""formula"": ""1d6""}], ""kind"": ""ranged_weapon"", ""long_range_ft"": 120, ""range_ft"": 30, ""targets"": 1}, ""description"": ""piercing damage."", ""name"": ""Javelin""}"
1372,Icewind Kobold Zombie,0,Javelin,null,true,false,melee_weapon,1,false,5,null,1,"[{""bonus"": -1, ""damage_types"": [""piercing""], ""formula"": ""1d6""}]","{""attack"": {""attack_bonus"": 1, ""automatic_hit"": false, ""damage"": [{""bonus"": -1, ""damage_types"": [""piercing""], ""formula"": ""1d6""}], ""kind"": ""melee_weapon"", ""long_range_ft"": null, ""range_ft"": 5, ""targets"": 1}, ""description"": null, ""name"": ""Javelin""}"
1531,Lizardfolk,3,Javelin,piercing damage.,true,false,ranged_weapon,4,false,30,120,1,"[{""bonus"": 2, ""damage_types"": [""piercing""], ""formula"": ""1d6""}]","{""attack"": {""attack_bonus"": 4, ""automatic_hit"": false, ""damage"": [{""bonus"": 2, ""damage_types"": [""piercing""], ""formula"": ""1d6""}], ""kind"": ""ranged_weapon"", ""long_range_ft"": 120, ""range_ft"": 30, ""targets"": 1}, ""description"": ""piercing damage."", ""name"": ""Javelin""}"
1658,Monodrone,1,Javelin,piercing damage.,true,false,ranged_weapon,2,false,30,120,1,"[{""bonus"": 0, ""damage_types"": [""piercing""], ""formula"": ""1d6""}]","{""attack"": {""attack_bonus"": 2, ""automatic_hit"": false, ""damage"": [{""bonus"": 0, ""damage_types"": [""piercing""], ""formula"": ""1d6""}], ""kind"": ""ranged_weapon"", ""long_range_ft"": 120, ""range_ft"": 30, ""targets"": 1}, ""description"": ""piercing damage."", ""name"": ""Javelin""}"
1757,Ogre,1,Javelin,piercing damage.,true,false,ranged_weapon,6,false,30,120,1,"[{""bonus"": 4, ""damage_types"": [""piercing""], ""formula"": ""2d6""}]","{""attack"": {""attack_bonus"": 6, ""automatic_hit"": false, ""damage"": [{""bonus"": 4, ""damage_types"": [""piercing""], ""formula"": ""2d6""}], ""kind"": ""ranged_weapon"", ""long_range_ft"": 120, ""range_ft"": 30, ""targets"": 1}, ""description"": ""piercing damage."", ""name"": ""Javelin""}"
1781,Orc,1,Javelin,piercing damage.,true,false,ranged_weapon,5,false,30,120,1,"[{""bonus"": 3, ""damage_types"": [""piercing""], ""formula"": ""1d6""}]","{""attack"": {""attack_bonus"": 5, ""automatic_hit"": false, ""damage"": [{""bonus"": 3, ""damage_types"": [""piercing""], ""formula"": ""1d6""}], ""kind"": ""ranged_weapon"", ""long_range_ft"": 120, ""range_ft"": 30, ""targets"": 1}, ""description"": ""piercing damage."", ""name"": ""Javelin""}"
1782,Orc Blade of Ilneval,2,Javelin,piercing damage.,true,false,ranged_weapon,5,false,30,120,1,"[{""bonus"": 3, ""damage_types"": [""piercing""], ""formula"": ""1d6""}]","{""attack"": {""attack_bonus"": 5, ""automatic_hit"": false, ""damage"": [{""bonus"": 3, ""damage_types"": [""piercing""], ""formula"": ""1d6""}], ""kind"": ""ranged_weapon"", ""long_range_ft"": 120, ""range_ft"": 30, ""targets"": 1}, ""description"": ""piercing damage."", ""name"": ""Javelin""}"
1795,Orog,2,Javelin,piercing damage.,true,false,ranged_weapon,6,false,30,120,1,"[{""bonus"": 4, ""damage_types"": [""piercing""], ""formula"": ""1d6""}]","{""attack"": {""attack_bonus"": 6, ""automatic_hit"": false, ""damage"": [{""bonus"": 4, ""damage_types"": [""piercing""], ""formula"": ""1d6""}], ""kind"": ""ranged_weapon"", ""long_range_ft"": 120, ""range_ft"": 30, ""targets"": 1}, ""description"": ""piercing damage."", ""name"": ""Javelin""}"
1845,Plasmoid Explorer,2,Javelin,piercing damage.,true,false,ranged_weapon,3,false,30,120,1,"[{""bonus"": 1, ""damage_types"": [""piercing""], ""formula"": ""1d6""}]","{""attack"": {""attack_bonus"": 3, ""automatic_hit"": false, ""damage"": [{""bonus"": 1, ""damage_types"": [""piercing""], ""formula"": ""1d6""}], ""kind"": ""ranged_weapon"", ""long_range_ft"": 120, ""range_ft"": 30, ""targets"": 1}, ""description"": ""piercing damage."", ""name"": ""Javelin""}"
1869,Pterafolk,3,Javelin,piercing damage.,true,false,ranged_weapon,4,false,30,120,1,"[{""bonus"": 2, ""damage_types"": [""piercing""], ""formula"": ""2d6""}]","{""attack"": {""attack_bonus"": 4, ""automatic_hit"": false, ""damage"": [{""bonus"": 2, ""damage_types"": [""piercing""], ""formula"": ""2d6""}], ""kind"": ""ranged_weapon"", ""long_range_ft"": 120, ""range_ft"": 30, ""targets"": 1}, ""description"": ""piercing damage."", ""name"": ""Javelin""}"
2220,Ssurran Poisoner,2,Javelin,null,true,false,ranged_weapon,3,false,30,120,1,"[{""bonus"": 1, ""damage_types"": [""piercing""], ""formula"": ""1d6""}, {""bonus"": 0, ""damage_types"": [""poison""], ""formula"": ""1d8""}]","{""attack"": {""attack_bonus"": 3, ""automatic_hit"": false, ""damage"": [{""bonus"": 1, ""damage_types"": [""piercing""], ""formula"": ""1d6""}, {""bonus"": 0, ""damage_types"": [""poison""], ""formula"": ""1d8""}], ""kind"": ""ranged_weapon"", ""long_range_ft"": 120, ""range_ft"": 30, ""targets"": 1}, ""description"": null, ""name"": ""Javelin""}"
2333,Tasloi,2,Javelin,null,true,false,ranged_weapon,5,false,30,null,1,"[{""bonus"": 3, ""damage_types"": [""piercing""], ""formula"": ""1d6""}]","{""attack"": {""attack_bonus"": 5, ""automatic_hit"": false, ""damage"": [{""bonus"": 3, ""damage_types"": [""piercing""], ""formula"": ""1d6""}], ""kind"": ""ranged_weapon"", ""long_range_ft"": null, ""range_ft"": 30, ""targets"": 1}, ""description"": null, ""name"": ""Javelin""}"
2334,Tasloi Sniper,2,Javelin,null,true,false,ranged_weapon,6,false,30,null,1,"[{""bonus"": 4, ""damage_types"": [""piercing""], ""formula"": ""1d6""}]","{""attack"": {""attack_bonus"": 6, ""automatic_hit"": false, ""damage"": [{""bonus"": 4, ""damage_types"": [""piercing""], ""formula"": ""1d6""}], ""kind"": ""ranged_weapon"", ""long_range_ft"": null, ""range_ft"": 30, ""targets"": 1}, ""description"": null, ""name"": ""Javelin""}"
2343,Thayan Warrior,2,Javelin,piercing damage.,true,false,ranged_weapon,5,false,30,120,1,"[{""bonus"": 3, ""damage_types"": [""piercing""], ""formula"": ""1d6""}]","{""attack"": {""attack_bonus"": 5, ""automatic_hit"": false, ""damage"": [{""bonus"": 3, ""damage_types"": [""piercing""], ""formula"": ""1d6""}], ""kind"": ""ranged_weapon"", ""long_range_ft"": 120, ""range_ft"": 30, ""targets"": 1}, ""description"": ""piercing damage."", ""name"": ""Javelin""}"
2418,Tridrone,2,Javelin,piercing damage.,true,false,ranged_weapon,3,false,30,120,1,"[{""bonus"": 1, ""damage_types"": [""piercing""], ""formula"": ""1d6""}]","{""attack"": {""attack_bonus"": 3, ""automatic_hit"": false, ""damage"": [{""bonus"": 1, ""damage_types"": [""piercing""], ""formula"": ""1d6""}], ""kind"": ""ranged_weapon"", ""long_range_ft"": 120, ""range_ft"": 30, ""targets"": 1}, ""description"": ""piercing damage."", ""name"": ""Javelin""}"
2533,Warforged Soldier,2,Javelin,piercing damage.,true,false,ranged_weapon,5,false,30,120,1,"[{""bonus"": 3, ""damage_types"": [""piercing""], ""formula"": ""1d6""}]","{""attack"": {""attack_bonus"": 5, ""automatic_hit"": false, ""damage"": [{""bonus"": 3, ""damage_types"": [""piercing""], ""formula"": ""1d6""}], ""kind"": ""ranged_weapon"", ""long_range_ft"": 120, ""range_ft"": 30, ""targets"": 1}, ""description"": ""piercing damage."", ""name"": ""Javelin""}"
2535,Warforged Warrior,2,Javelin,piercing damage.,true,false,ranged_weapon,5,false,30,120,1,"[{""bonus"": 3, ""damage_types"": [""piercing""], ""formula"": ""1d6""}]","{""attack"": {""attack_bonus"": 5, ""automatic_hit"": false, ""damage"": [{""bonus"": 3, ""damage_types"": [""piercing""], ""formula"": ""1d6""}], ""kind"": ""ranged_weapon"", ""long_range_ft"": 120, ""range_ft"": 30, ""targets"": 1}, ""description"": ""piercing damage."", ""name"": ""Javelin""}"
2712,Zakya Rakshasa,2,Javelin,piercing damage.,true,false,ranged_weapon,7,false,30,120,1,"[{""bonus"": 4, ""damage_types"": [""piercing""], ""formula"": ""1d6""}]","{""attack"": {""attack_bonus"": 7, ""automatic_hit"": false, ""damage"": [{""bonus"": 4, ""damage_types"": [""piercing""], ""formula"": ""1d6""}], ""kind"": ""ranged_weapon"", ""long_range_ft"": 120, ""range_ft"": 30, ""targets"": 1}, ""description"": ""piercing damage."", ""name"": ""Javelin""}"
2717,Zariel (MTF),2,Javelin,null,true,false,ranged_weapon,16,false,30,120,1,"[{""bonus"": 8, ""damage_types"": [""piercing""], ""formula"": ""2d6""}, {""bonus"": 0, ""damage_types"": [""fire""], ""formula"": ""8d8""}]","{""attack"": {""attack_bonus"": 16, ""automatic_hit"": false, ""damage"": [{""bonus"": 8, ""damage_types"": [""piercing""], ""formula"": ""2d6""}, {""bonus"": 0, ""damage_types"": [""fire""], ""formula"": ""8d8""}], ""kind"": ""ranged_weapon"", ""long_range_ft"": 120, ""range_ft"": 30, ""targets"": 1}, ""description"": null, ""name"": ""Javelin""}"
